time,joint_positions,joint_velocities,end_effector_position,velocity_magnitude
60.787,"[-0.11014480697988205, 0.09424149707923668, 0.11114353470308558]","[-0.0005790877594034038, 0.0011863466503476343, 0.0008594862780935302]","[0.1570720325110703, -0.01417639620079264, 1.1850184965194948]",0.0015039352089831163
61.772,"[-0.11055791893364741, 0.09510582093712916, 0.11176812017840998]","[-0.0005468202464326827, 0.0011747516478729486, 0.0008466100584614456]","[0.1572117101133156, -0.013937922504515837, 1.1841117468261713]",0.003012063939256384
62.788,"[-0.10379652169391829, 0.10881136340884545, 0.13357929466326102]","[0.00961417408534875, 0.01832209638311473, 0.02953103791188228]","[0.15787949736472043, -0.013552741345983289, 1.182456918138798]",0.004840551804064294
63.639,"[-0.09199444446002403, 0.13017151877424382, 0.1684643392287013]","[0.020078292866956143, 0.03538067746960112, 0.05811814690600116]","[0.15986324094993085, -0.012588846825762086, 1.1779045887809525]",0.0071628212357475254
64.57,"[-0.059848999878562736, 0.18389040475307095, 0.2573357651617991]","[0.03212466458552024, 0.05191914703766854, 0.08625820009324997]","[0.1620073339706065, -0.011557874136020503, 1.1727742080504582]",0.011185248351911755
65.344,"[-0.033309035843394064, 0.22493434917018806, 0.3259329091213248]","[0.04503908146548706, 0.06819613787879497, 0.11428356451681283]","[0.16651512338753074, -0.00928911968137697, 1.1615753988349649]",0.015645180029508536
66.157,"[0.02140369161748712, 0.3020764114525809, 0.45652776917736837]","[0.061073091074032346, 0.08314516488801195, 0.14160136391808772]","[0.1710346044913191, -0.0068207564215893406, 1.1500426918836884]",0.023105044490373906
66.877,"[0.06570315177168595, 0.3589575107902885, 0.5544622388400189]","[0.07764217089898506, 0.09761652442101587, 0.1689886323997093]","[0.1763366142395363, -0.0036992311986843154, 1.1364807517955595]",0.031108661793387882
67.57,"[0.11627544395164069, 0.4200151189049839, 0.6615581015664294]","[0.09459829528955142, 0.11095064872177686, 0.19691338417041934]","[0.18505174311209194, 0.0018897614295604074, 1.1144974675050134]",0.041377103113077296
68.348,"[0.19432758658679372, 0.5092224710107258, 0.8228708436837557]","[0.11025144795566905, 0.12326294138302794, 0.22646072782840987]","[0.19204047510959793, 0.007064338440105147, 1.0958143274243928]",0.058306305208719655
69.019,"[0.24352738038962318, 0.5639474162097295, 0.9243190209356129]","[0.1209010173332427, 0.1350180996114797, 0.25827139856879916]","[0.2031013063841498, 0.0158184375774041, 1.0666968389277058]",0.06716784763002459
69.57,"[0.3114570820628346, 0.6392707947242338, 1.0692927987661935]","[0.12171419317635168, 0.1339922335291235, 0.259616381860584]","[0.2333126381558177, 0.03725692954908514, 0.9972709526678745]",0.07103494205055681
70.362,"[0.4057043084132932, 0.77374486312541, 1.370420926298201]","[0.06849114844320191, 0.12023896956648937, 0.2923527400794501]","[0.26239139787231763, 0.057429438273488814, 0.9239651713371024]",0.07662450619982007
71.234,"[0.45161943868004695, 0.873926474791002, 1.6301519587621476]","[0.03851999945517674, 0.10185561668981369, 0.2769333527422069]","[0.2829539377051859, 0.07130393090161036, 0.8628383298901094]",0.07862706767680615
71.851,"[0.46936203930632026, 0.9336284971973923, 1.804891536287581]","[0.016084765330732304, 0.08007318355385734, 0.2538943690632554]","[0.3086750473198784, 0.08536697806686083, 0.7785418574480155]",0.07765852909463662
72.681,"[0.47319340107763086, 0.9918761937525824, 2.0264001018295374]","[-0.0003404327327184076, 0.05508069922279118, 0.22954095533159227]","[0.3286345876865721, 0.09307396852148539, 0.6978690810812641]",0.07630081621885534
73.552,"[0.46313690468808577, 1.022303689938294, 2.218047091327257]","[-0.013137014421411963, 0.028240100050141142, 0.2043296488721044]","[0.339899307008656, 0.09515721781468728, 0.638779029798865]",0.0736500653508577
74.24,"[0.448437907370951, 1.0255546574667287, 2.354981498309918]","[-0.02132258614352814, -0.0008644315362887932, 0.17899116185725322]","[0.34944211992942004, 0.09301598131295039, 0.5594200719967914]",0.07009139938923961
75.334,"[0.42449492811094114, 0.9987715517937383, 2.498433869009544]","[-0.026484250242838073, -0.031250890808719185, 0.15417185148058352]","[0.35087493078894805, 0.08494759942917215, 0.48847886332157947]",0.06433632709099471
76.257,"[0.39195048715326397, 0.9389029994587164, 2.6100048017902377]","[-0.03184988864132136, -0.05792776429244985, 3.704389043319989e-05]","[0.3568712068804062, 0.07957647497236091, 0.46998495446113886]",0.05690840099514057
77.136,"[0.3641319393553184, 0.8666012602449635, 2.6100029327548064]","[-0.03355405662230921, -0.08755827912604916, 3.852220064051726e-05]","[0.36226673022620703, 0.07301539663079012, 0.4425165919738107]",0.05160813078369277
78.085,"[0.3302444199180874, 0.7505673102627517, 2.610003532921361]","[-0.03212837454638383, -0.11523622318769608, -0.0016645436888922255]","[0.36425056080502205, 0.06619495531254913, 0.41251640373480786]",0.04589124337242952
78.982,"[0.30153217504765006, 0.6278094507258514, 2.610044965528182]","[-0.03692741726829153, -0.14298091222371812, 0.00791785552560606]","[0.362170949508342, 0.05914717212564608, 0.38130263100316747]",0.0396955171925184
79.781,"[0.2758858449120547, 0.4951634143686343, 2.60984969703442]","[-0.013385172438768245, -0.17577033921605054, -0.07283475106292]","[0.35760198804795534, 0.0530076408367207, 0.35393774534994177]",0.031482558143196344
80.54,"[0.2557144476659845, 0.36866619830089586, 2.605323054792258]","[-0.030712225126396615, -0.1853395891372421, -0.007400299606038385]","[0.3517396055501609, 0.04373900474607125, 0.3120469336234838]",0.02314091042179338
81.437,"[0.22838336566767392, 0.1703664421551272, 2.568427705548217]","[-0.02905619317201424, -0.19815340061876996, -0.040612324423443064]","[0.35707082168814985, 0.03930549109384758, 0.28372801794236374]",0.02268293018916044
82.602,"[0.2044429621472572, -0.036850525421150415, 2.4905935206644934]","[-0.024928405989251876, -0.1943114646799844, -0.0755529777647652]","[0.3680013897877119, 0.03801498780756325, 0.26680318982697593]",0.02603756389132741
83.248,"[0.19196886370485178, -0.15819043824779033, 2.423598956796482]","[-0.017080016124114413, -0.15861174216868093, -0.09282666278828582]","[0.38067729436523134, 0.0388106953460368, 0.2593531994998696]",0.029729683816356108
84.03,"[0.18465670943597434, -0.2434739289701371, 2.3578842062157523]","[-0.01114250083461073, -0.11847624649729933, -0.09382620612017264]","[0.40126654371945647, 0.04126750467482476, 0.25472208178327177]",0.034459423540650215
84.756,"[0.1807575167031379, -0.30466403484763216, 2.2907177555577345]","[-0.00543914693718897, -0.07848063982635804, -0.09005834410538983]","[0.42043221068228864, 0.044802467383123365, 0.2576203590966478]",0.040689253356158535
85.503,"[0.18100248031165744, -0.3350130716454425, 2.231324686130268]","[0.0005548243093123125, -0.03901474210501875, -0.0837678722562362]","[0.4441137888442681, 0.05056673677913246, 0.2687132167757071]",0.048997103750336675
86.224,"[0.18580931536390555, -0.3395066600119252, 2.1709895526167244]","[0.006828283401168883, -1.3560916705198823e-05, -0.0756958174250719]","[0.46784121533392387, 0.05828450329280144, 0.28942843661332257]",0.059175975548189416
86.837,"[0.1943756526632967, -0.31638487789786485, 2.125695479249213]","[0.013654634249359287, 0.038581807852587684, -0.06735140228514476]","[0.48734030037491427, 0.0668370464868152, 0.31616909599652393]",0.06999999999999997
87.667,"[0.21090668402479995, -0.2584654824950139, 2.0744254651758265]","[0.020767468158526845, 0.07219835475538963, -0.06169744887423598]","[0.5200438951151414, 0.08602434557705246, 0.3809731922257096]",0.07015171602914251
88.729,"[0.23788341599393714, -0.1693220555156021, 2.003141401440031]","[0.027183174172502843, 0.08702101533640125, -0.06914520903975481]","[0.5431795331478961, 0.10261212602011482, 0.4371502123529439]",0.0664729238288436
89.67,"[0.26239903054567204, -0.11551339604034272, 1.9165153034092839]","[0.025715566229842227, 0.05391265063387977, -0.091010171303638]","[0.5580112175519816, 0.1135323028325897, 0.4728306592939421]",0.054769739486908574
90.445,"[0.2783493406486599, -0.10106446605506658, 1.8393371951947124]","[0.02190454855952129, 0.018087003399036242, -0.10778719747812057]","[0.5744877867765359, 0.12427431914157376, 0.5054737584529139]",0.03831266553108461
91.257,"[0.2900725800746624, -0.11404559242390366, 1.752662358341368]","[0.013735747201635331, -0.020716916799537757, -0.11133140114114476]","[0.5903069095224008, 0.1316231935980992, 0.5240221411432785]",0.02401101799742876
91.955,"[0.29352838722614916, -0.14624268740168755, 1.6862669660417353]","[0.002676006796825862, -0.05781563490721476, -0.10149141886600904]","[0.606322045679024, 0.1343978194183525, 0.5243930377033488]",0.020059633633927695
92.715,"[0.28826497041750265, -0.20653308014078053, 1.6231506746522069]","[-0.010018260739236604, -0.07818566734366458, -0.06891816509836311]","[0.6208564561622538, 0.13279875803256572, 0.5123127585522417]",0.014692179296242645
93.526,"[0.276796460478101, -0.26725643500216467, 1.5824969142204477]","[-0.014173636110353221, -0.06722922317664555, -0.04234912495511557]","[0.6279032607583762, 0.13003695091099712, 0.5026842870738681]",0.009384867810220968
94.423,"[0.2694606862040825, -0.29393334099856094, 1.5691412113912513]","[-0.012912402167082549, -0.04491268905517833, -0.02148286280406803]","[0.634076633754254, 0.12573270122858288, 0.4918535193573567]",0.008207958329677929
95.135,"[0.2583876001967642, -0.3260253132461033, 1.5555148082728127]","[-0.009520986589090145, -0.023016502792098038, -0.008260002768630995]","[0.635515987454082, 0.12397941954486887, 0.4887241918606444]",0.009273243082107047
95.959,"[0.2541659251955295, -0.33435430990502635, 1.5530545817885955]","[-0.007149039700035459, -0.013377955015648885, -0.0037402701532945008]","[0.6365832638932848, 0.12192421550991137, 0.4859781024647001]",0.01021517718100109
96.632,"[0.2505534242451777, -0.3390407628320853, 1.552469445222922]","[-0.0033612080988546203, -0.0016354289700920717, 0.0012722268183083052]","[0.6364225632896139, 0.12068226447383343, 0.4854722904605338]",0.011063948969861667
97.588,"[0.24835258038437225, -0.3382905453894436, 1.5544901361143815]","[-0.001892068088557626, 0.0014994587874826279, 0.0023058699639094105]","[0.6358720270839289, 0.12010829761020207, 0.48585602639245]",0.011535475617747952
98.416,"[0.24762160281253287, -0.3355317720381574, 1.5569103413685825]","[-0.0005031997878480896, 0.00327340854975406, 0.002702336580999033]","[0.6353838763052888, 0.12008318449551146, 0.4864166939678908]",0.011665596156987992
99.185,"[0.24782565709089432, -0.33305380928158446, 1.558585642711769]","[0.00031357699310232095, 0.0030850597971755537, 0.0020742287812426604]","[0.6350860391387557, 0.12022477721966916, 0.4868053203825844]",0.011609093920672152
99.815,"[0.24822282206040658, -0.33170281609154273, 1.559371478232559]","[0.0006329133627480813, 0.002113812261697415, 0.0012651731354741957]","[0.6348714971972437, 0.12043598204196998, 0.4871038930789421]",0.011524947027067488
100.507,"[0.2486961057238739, -0.3307663629701585, 1.5598471620008842]","[0.0005901490020547301, 0.0012142055230220763, 0.0006400090951293604]","[0.6347699476773924, 0.12058542215415385, 0.4872600866537135]",0.011430821422196435
101.205,"[0.2490488389665524, -0.3302761490019437, 1.5600500056739408]","[0.0004742874862857424, 0.0007163690640835752, 0.00034199422445510156]","[0.6347091493920771, 0.1207050651116326, 0.48735396659490504]",0.01136155185547089
101.919,"[0.2492723335256608, -0.3300641527051251, 1.5601177494002414]","[0.000341084899195794, 0.0003464415290171896, 0.0001545201275819467]","[0.6346675052536156, 0.12082151571629973, 0.4874311732699988]",0.01131887337270634
102.696,"[0.24950292400071472, -0.32990507599061747, 1.5601363060756608]","[0.00019464997134836315, 0.00016543396082899925, 6.742460407458767e-05]","[0.6346528871771654, 0.12088495997221793, 0.48746226086938593]",0.011274262574609728
103.74,"[0.24966225457519542, -0.32984587063068016, 1.5601128407594693]","[0.0001130704555336545, 8.032324048674602e-05, 1.8794684181466717e-05]","[0.6346468739237171, 0.12094910466630951, 0.4874907591682842]",0.011243546178650608
104.775,"[0.2497468628452424, -0.329847256521524, 1.5600712737349411]","[4.877625713230297e-05, 2.1771771679922645e-05, 1.2500037535074941e-06]","[0.6346512735264922, 0.1209662333301519, 0.487496399463671]",0.011226798319495386
105.501,"[0.2497722665119131, -0.329866955443606, 1.5600358534499943]","[-2.7314616581859276e-05, -5.895527432670859e-06, -3.813007372472796e-06]","[0.6346584724744988, 0.12096982193935876, 0.48749458995856226]",0.011220999800675625
106.367,"[0.24977409287133767, -0.32989534816315214, 1.5600071424390087]","[-4.88495516732498e-05, -1.5229584150690431e-05, 2.282513758034758e-05]","[0.6346650705640414, 0.12096615281428513, 0.4874928044164588]",0.011220024018219834
107.148,"[0.24976318068480818, -0.32991583693222637, 1.5599859494981594]","[-6.891790162503843e-05, -7.022284759491813e-06, 2.3886298703856695e-05]","[0.6346709227467432, 0.12096079884443489, 0.48748954369777325]",0.011221187690283132
108.024,"[0.24974967834266693, -0.3299365760448154, 1.5599696818223237]","[-3.356758231514854e-05, -7.11891561506495e-06, 4.094974778738092e-05]","[0.6346765774936627, 0.12095308392442496, 0.48748919418253694]",0.01122320269404241
108.867,"[0.2497336320063699, -0.3299475714181934, 1.5599562827755378]","[-5.82855574225967e-05, 1.0641729878424682e-05, 4.7316932338962394e-05]","[0.6346774748115086, 0.12095148710572208, 0.4874878759351893]",0.011225241712020924
109.545,"[0.24973022004434497, -0.3299503194059126, 1.559955034175852]","[-4.541104705710667e-05, 1.8165469251095795e-05, 4.2126108133063386e-05]","[0.634678944535022, 0.12094859811514558, 0.48749039668751265]",0.011225841404615779
110.336,"[0.24972566258237094, -0.3299486291566174, 1.559951693532378]","[-4.25053036032866e-05, 3.1052343943995145e-05, 4.4275914198393086e-05]","[0.634678218679661, 0.12094954685445977, 0.48749143095119374]",0.011226152922148177
111.253,"[0.24972763972004142, -0.32994543489738604, 1.5599529772823058]","[-4.865919711627952e-05, 2.360665601018964e-05, 4.495305618180435e-05]","[0.634678510703178, 0.12094954676924498, 0.48749370029083094]",0.011225751728068051
112.06,"[0.24972873844239007, -0.3299426614009402, 1.5599515521991902]","[-4.080334710623976e-05, 2.3535026316884416e-05, 6.005626675489919e-05]","[0.6346783289408188, 0.12095093501589646, 0.4874953599488138]",0.011225278103590359
113.052,"[0.24972994343306532, -0.3299406571257233, 1.5599487117636235]","[-5.160611213850898e-05, 2.337359691515064e-05, 4.575608997938161e-05]","[0.6346783821696317, 0.1209521666202762, 0.48749690670575996]",0.011224713593312048
113.873,"[0.24973286205303857, -0.329939626171873, 1.5599478014705435]","[-8.293870270414896e-06, 1.1416372853582714e-05, 5.793088891861592e-05]","[0.6346793319834031, 0.1209526054854847, 0.4874997689158767]",0.011224112382845748
114.73,"[0.24973287620130602, -0.3299385730374791, 1.5599421228416093]","[-2.033208698832761e-05, 1.2847942438771335e-05, 5.2770156521440744e-05]","[0.6346789183849035, 0.12095432413268621, 0.4874998532420963]",0.011223546969145818
115.536,"[0.249736737280303, -0.3299384628400954, 1.5599424553736627]","[-3.9606578981123536e-05, 1.9912718906655216e-05, 5.306572204388885e-05]","[0.6346801193456579, 0.12095432108327481, 0.48750264550360284]",0.01122296604798159
116.133,"[0.24973561565302127, -0.3299380318285081, 1.5599365547618556]","[-5.0436718556888845e-05, 2.177727069412599e-05, 5.106625338079265e-05]","[0.6346796620892107, 0.12095624638881158, 0.48750258315109757]",0.011222598485044501
117.079,"[0.24973965136986465, -0.3299380346212306, 1.559935993591541]","[-5.195005232e-05, 2.1982452797245293e-05, 4.9770590343559864e-05]","[0.6346810446039365, 0.12095597034154579, 0.4875055994641532]",0.01122191948885614
117.929,"[0.24973831746585162, -0.32993769536605555, 1.5599302131744315]","[-4.1418786392427226e-05, 1.9802493997155625e-05, 5.499532603107583e-05]","[0.6346807830302672, 0.12095782362706363, 0.48750598628989833]",0.011221601504850364
118.763,"[0.24974165756583666, -0.32993765198902913, 1.5599291773971453]","[-4.9965142611119786e-05, 2.0641446940858476e-05, 4.511121368388559e-05]","[0.6346817826553124, 0.12095778164197421, 0.48750827070479225]",0.01122098673571439
119.696,"[0.2497413505039967, -0.32993732845831936, 1.5599246099855488]","[-3.2692415982564805e-05, 1.8475837197860227e-05, 5.4385986763595356e-05]","[0.6346820516170237, 0.12095904126037443, 0.4875096207066957]",0.011220615341333211
120.443,"[0.24974316496353843, -0.3299370258250027, 1.5599213302057668]","[-4.740857331398374e-05, 2.029511336260791e-05, 4.117456267005425e-05]","[0.634682575350743, 0.12095928085223118, 0.48751103990054173]",0.011220026386517916
121.195,"[0.24974389199116054, -0.32993673566088866, 1.5599190416279871]","[-4.213619892812312e-05, 2.692682336196549e-05, 5.0361761945453144e-05]","[0.6346820137008341, 0.1209608778334281, 0.48751065942759203]",0.011219694563428907
121.875,"[0.24974674891372306, -0.329936725977948, 1.5599198300531265]","[-4.8964047765338906e-05, 2.1354985300886903e-05, 5.417252302683268e-05]","[0.6346834048770197, 0.12096007418261776, 0.4875135100748751]",0.011219316589973648
122.67,"[0.2497446226309865, -0.3299361831298846, 1.5599139191316223]","[-4.762677031708413e-05, 1.6743387928743943e-05, 5.850974643537565e-05]","[0.634682757928308, 0.12096200360682752, 0.4875131361799865]",0.011219098115876892
123.562,"[0.24974846454811228, -0.32993615493461803, 1.5599148633636526]","[-3.116956469685134e-05, 1.3424479756345394e-05, 5.8750247735113224e-05]","[0.6346841970604874, 0.12096135900857007, 0.4875162245858222]",0.011218578700762765
124.312,"[0.24974653707413186, -0.3299354499936591, 1.5599079888923049]","[-4.135116988281621e-05, 2.0653092408040154e-05, 5.072305725589815e-05]","[0.6346836409829673, 0.12096376813209313, 0.4875164574151088]",0.011218234808844327
125.27,"[0.24975064593800145, -0.32993503797099155, 1.5599066611674424]","[-5.567598104555774e-05, 1.7078837621815128e-05, 4.988033796432255e-05]","[0.634684827927833, 0.12096407351954891, 0.4875195269616269]",0.011217450892171448
126.042,"[0.2497524575595822, -0.3299345485558103, 1.5599026401441183]","[-4.1639326117175865e-05, 2.6949308428049836e-05, 5.10105433861551e-05]","[0.634684935779045, 0.1209652007483398, 0.4875204927107362]",0.011216785838528765
126.81,"[0.24975319721988853, -0.3299342248221615, 1.5599001436674085]","[-4.662302787371657e-05, 2.039348848283121e-05, 4.24921716669791e-05]","[0.6346855141480203, 0.12096558760919009, 0.4875220747492817]",0.011216431822988931
127.519,"[0.2497542428348627, -0.3299339809268398, 1.559897324383317]","[-3.887206033976288e-05, 1.929280763160886e-05, 5.856710170353766e-05]","[0.6346858153294448, 0.12096629355221805, 0.4875231630431752]",0.01121600697638596
128.282,"[0.2497546328542457, -0.3299337639788975, 1.5598942127424316]","[-4.639614632376296e-05, 2.0225190870379025e-05, 4.324026823222362e-05]","[0.634686062828434, 0.12096698770545189, 0.48752412376449333]",0.011215660761266266
128.852,"[0.2497565521553291, -0.32993364568261097, 1.5598930670747873]","[-3.5348244077676115e-05, 1.9739502001785398e-05, 5.7389028920483794e-05]","[0.6346858555847977, 0.12096791269903392, 0.4875242023342368]",0.011215253484605624
129.576,"[0.24975756196870602, -0.3299334957971176, 1.559892100034026]","[-4.7131208629181144e-05, 2.006604726035141e-05, 4.413981773093104e-05]","[0.6346868534073089, 0.12096747938900224, 0.4875262756745768]",0.011215001825669674
130.309,"[0.24975745690103768, -0.32993324267355284, 1.5598888076614426]","[-3.4013476714756484e-05, 1.9758817555677162e-05, 5.780480049033526e-05]","[0.6346862279110622, 0.1209692183598771, 0.4875258541700073]",0.011214714887422254
130.982,"[0.2497596411350722, -0.3299330825594664, 1.5598883855603871]","[-3.695669799749383e-05, 2.0742742419347078e-05, 3.96660821710773e-05]","[0.6346875187728152, 0.12096835579146153, 0.487528389010355]",0.011214326666818882
131.451,"[0.24975812340704806, -0.3299327223683255, 1.5598840457197376]","[-4.458391694394434e-05, 2.0536541529658627e-05, 5.5843517508429556e-05]","[0.6346867990778721, 0.12097013464987989, 0.4875277572147395]",0.011214162213969371
132.091,"[0.24976178724003706, -0.32993276590455434, 1.5598856644967736]","[-4.318099960569509e-05, 2.047710429831137e-05, 5.6528651453116005e-05]","[0.6346871211350823, 0.12097023199978457, 0.4875286356743282]",0.011213733882932822
132.749,"[0.24976127735916087, -0.3299324989322763, 1.5598832987453797]","[-1.9253606870762468e-05, 1.0424941211408254e-05, 4.5933925397365964e-05]","[0.6346878179805633, 0.12097013865247097, 0.48753027334154675]",0.011213590134902056
133.365,"[0.24976126663387532, -0.3299321663454222, 1.5598806349016403]","[-3.7462033733671226e-05, 1.98646446339495e-05, 5.67939210139944e-05]","[0.6346873787583643, 0.12097173790258556, 0.4875302710676672]",0.011213338244450598
134.042,"[0.24976383577279915, -0.3299319114388686, 1.5598800810823787]","[-3.695457529252823e-05, 2.0872026085596458e-05, 3.9120417039754975e-05]","[0.6346878840489174, 0.12097267511045486, 0.4875321185545223]",0.011212872347146107
135.267,"[0.24976625784797335, -0.3299314568762819, 1.5598774067648993]","[-3.6348918098653415e-05, 2.005030626890685e-05, 5.520838209435598e-05]","[0.6346889801993809, 0.12097275034157964, 0.4875349107930165]",0.01121223174335809
136.065,"[0.24976543911681404, -0.3299306437943619, 1.559871198510164]","[-1.162439723979181e-05, 1.1019411452716681e-05, 5.4868760587138874e-05]","[0.6346891159917811, 0.12097447907941092, 0.4875364553411138]",0.011211766341993399
137.015,"[0.24976818465564765, -0.3299300981831035, 1.559868461929371]","[-4.836793136780928e-05, 2.221025443604286e-05, 4.156991177260031e-05]","[0.6346891385466171, 0.12097554910178072, 0.48753720603513107]",0.011211063992510461
137.689,"[0.24977101624628695, -0.32992985358789984, 1.5598678485508657]","[-3.939037363161107e-05, 1.9835737947739488e-05, 5.8719940200462276e-05]","[0.63468987076145, 0.1209755494580294, 0.4875389041656985]",0.011210552551443901
138.8,"[0.24976982198932074, -0.32992948324230653, 1.5598632425358963]","[-1.2611750172295256e-05, 1.0518636634517846e-05, 5.419132733324097e-05]","[0.6346894176964962, 0.12097734569541929, 0.4875390019536715]",0.011210313888242528
139.685,"[0.24977312153349462, -0.3299292883497529, 1.5598633289134165]","[-5.0929042201880885e-05, 1.9411056245265967e-05, 4.513105004095052e-05]","[0.6346902431701852, 0.12097706658803545, 0.4875408055221854]",0.0112097935168203
140.331,"[0.2497725755066531, -0.3299290044254626, 1.5598603090942689]","[-3.557400723665827e-05, 1.9607559982614018e-05, 5.6943103532993634e-05]","[0.6346899426279918, 0.12097832325409304, 0.4875409095507044]",0.011209597418584195
141.125,"[0.24977483794992672, -0.3299288131018292, 1.5598599072667518]","[-4.812729752045984e-05, 2.180777041828211e-05, 4.2817319141579476e-05]","[0.6346904163254677, 0.12097857363418427, 0.4875422129410365]",0.011209196726297773
142.103,"[0.24977683502864423, -0.3299285508277716, 1.5598585245482113]","[-6.209638097041288e-06, 1.0012790985437724e-05, 5.918859382424831e-05]","[0.6346909959748188, 0.120978956367747, 0.487543897307317]",0.011208747448759876
142.969,"[0.24977545612926644, -0.32992801193020416, 1.5598536443516062]","[-1.5653820072430123e-05, 1.0812015676858585e-05, 4.946776984439483e-05]","[0.6346906123594358, 0.12098072060459807, 0.48754428287179746]",0.011208503045244424
143.923,"[0.24977910069909992, -0.32992760698425183, 1.5598540552259763]","[-4.7629680850397045e-05, 2.1204195090613212e-05, 4.679523281346733e-05]","[0.6346912404361063, 0.12098099522667036, 0.4875460634428972]",0.011207943620851533
144.91,"[0.24977968512069015, -0.3299270938511425, 1.5598508235176523]","[-3.986829015086595e-05, 2.1168283869913647e-05, 6.023663445746958e-05]","[0.6346915062907473, 0.1209816537673301, 0.48754718858884116]",0.011207537859124478
145.821,"[0.24977987906235466, -0.3299266382847392, 1.559847352982196]","[-4.640255829141717e-05, 2.067970439851526e-05, 4.460109979498231e-05]","[0.6346911808841885, 0.12098332057795796, 0.4875475717030648]",0.01120717598558904
146.694,"[0.24978373263527232, -0.3299263161442223, 1.5598480475662777]","[-2.923999188402121e-05, 1.8927737747236602e-05, 4.99911053661457e-05]","[0.6346922826784109, 0.12098264405765924, 0.4875498396063083]",0.011206613906725964
147.601,"[0.24978195146298532, -0.32992579756252116, 1.559843218710351]","[-4.929780756263228e-05, 2.19832884681656e-05, 5.5778173970023466e-05]","[0.6346914790728594, 0.12098462381303003, 0.4875492716986338]",0.011206390899081178
148.766,"[0.24978587299206811, -0.3299256422071766, 1.559844903467126]","[-4.279552958910842e-05, 2.0923146729413524e-05, 5.043933110721052e-05]","[0.6346916084853915, 0.12098620048114803, 0.48755077448859074]",0.012774727419216038
150.528,"[0.24978867194283527, -0.3299249299806082, 1.559842243561481]","[-5.252588915953513e-05, 2.2282420470382092e-05, 5.1543838306687554e-05]","[0.6383048423558285, 0.09341334074684925, 0.48913852542116587]",0.028467071402172358
151.948,"[0.19652725189780718, -0.3206531025596391, 1.5673315151193252]","[-0.03883807530845427, 0.006753142476240674, 0.005526009077398292]","[0.6436998074324757, 0.03958949238758905, 0.480629129765332]",0.034389277158349586
153.591,"[0.08454754803161002, -0.3301558246846197, 1.5774627802111398]","[-0.07108779187269672, -0.006820144004709136, 0.006303247746926455]","[0.6502263720232129, -0.020668862467451955, 0.46901414209883674]",0.03914320775904506
155.029,"[-0.024991913488292994, -0.3670367417203524, 1.5582750193758859]","[-0.08371014198927214, -0.04828969743982, -0.044373956515332075]","[0.6595190106199282, -0.09509472761024719, 0.4596429299443058]",0.050207982653339055
156.658,"[-0.15973647167722937, -0.43729878215051077, 1.4914441742510984]","[-0.08817025554605724, -0.045093078264057965, -0.04311753282865843]","[0.6475510455614009, -0.17317260757945183, 0.44254914775338405]",0.07018375152931824
157.833,"[-0.3058567936176182, -0.48966405533649304, 1.46527785755851]","[-0.11157998277986156, -0.03528178358963934, -0.011399239655463519]","[0.6200918071775365, -0.24879397722056912, 0.4293193501492427]",0.08452003208265137
158.554,"[-0.45546834193040553, -0.5235630618397353, 1.4521516602479316]","[-0.14666355744891665, -0.03213407957427692, -0.012689919413255313]","[0.5956519660719317, -0.29552837076598837, 0.42614095106343275]",0.08538871824263289
159.386,"[-0.5449728175601845, -0.5314104938299247, 1.4469571592130563]","[-0.17222422239786253, -0.008561592214490687, -0.008581832390373247]","[0.5477440699640878, -0.35828668276652037, 0.4221400795580182]",0.08600331153544538
160.113,"[-0.7000059630567854, -0.5314038994672314, 1.4589274606982228]","[-0.17220618171030735, 0.00582559994956062, 0.028488589403352332]","[0.4894996439343907, -0.40457347111929537, 0.4122458550310102]",0.08555900693027207
160.808,"[-0.8158163387475756, -0.5194615817221813, 1.4971778509325944]","[-0.16950174951146216, 0.021399222442076593, 0.06475539152142694]","[0.43047496414436587, -0.4316283408641558, 0.3995009180249762]",0.08921301703523377
161.838,"[-0.9284183190440718, -0.4965063538915926, 1.5587454428098946]","[-0.16451009869952843, 0.03625382043840063, 0.09536423949552075]","[0.347163059137104, -0.44916402179376225, 0.38238535223191955]",0.06895249326434143
162.702,"[-1.092818195900879, -0.4469810686269362, 1.6712587163805352]","[-0.168707074360915, 0.05585750669058789, 0.12211870489030949]","[0.257584381551221, -0.4477555038740251, 0.36407688469273053]",0.05074870214882336
163.598,"[-1.2648671315704973, -0.3898188766711117, 1.7964672596265725]","[-0.13534007291860212, 0.04489905314165775, 0.09869949116756074]","[0.20110434112520426, -0.431400445109567, 0.3520153484996154]",0.03896507747048996
164.516,"[-1.3760034504063743, -0.33486340951463767, 1.9016397408916088]","[-0.09865545047236914, 0.0597137966493102, 0.10821522112925354]","[0.16195768487118542, -0.40165544981082035, 0.342421980975298]",0.03519705498766232
165.393,"[-1.448285291411981, -0.2642961454654751, 2.0161824194240516]","[-0.0632918949317928, 0.07648485351349642, 0.119684883758954]","[0.13970859672959302, -0.3588121813088149, 0.3342327489916927]",0.036797971462380445
166.586,"[-1.4887326402954884, -0.16710779695837896, 2.1550471702405822]","[-0.03197759534750172, 0.09167791378224807, 0.1295216688843122]","[0.13297623149784898, -0.31804006692189657, 0.32752351540442154]",0.040956641221358135
167.814,"[-1.4986611321781282, -0.05268344921083745, 2.3054364737657274]","[-0.00039269762766281475, 0.10756621914801139, 0.13871499430209167]","[0.1355131497901768, -0.26642798937895584, 0.318427087257222]",0.044532755075517384
168.851,"[-1.4726380444848637, 0.0869118208772246, 2.4732442542804645]","[0.031583950280163565, 0.12431054385769387, 0.146639040986435]","[0.14442757420251603, -0.2247281973424079, 0.3125875425313583]",0.04591072880071504
169.997,"[-1.4053854872618023, 0.25650416003880316, 2.61009642032845]","[0.07652027908103874, 0.14820788950212846, 0.10342849644196418]","[0.17019595348423444, -0.23805870553127195, 0.35610319446480365]",0.04568150103479502
171.349,"[-1.3144654117277677, 0.42564740668471224, 2.6100208622433456]","[0.0926250193158204, 0.16587193510153378, -0.012300911514131846]","[0.20133057750110595, -0.2390724270889533, 0.4052727475324777]",0.04929371772301054
172.398,"[-1.1985061562479142, 0.6178021840842618, 2.610135426267437]","[0.11324155708096979, 0.18788007990189712, -0.01805473024317414]","[0.23212325422402602, -0.22564186649762452, 0.45516859767591716]",0.05379146474621626
173.476,"[-1.061018926078245, 0.8199584600311107, 2.610002065561421]","[0.14853934188914802, 0.20719844955479425, 4.737882700922569e-05]","[0.2554436444505666, -0.2023368840992236, 0.4978469109829055]",0.05751103112465531
174.459,"[-0.8849255850001461, 1.0445551318873738, 2.6100062936213373]","[0.1834371093476046, 0.21640244787581514, 3.999105356514154e-05]","[0.28219274737171707, -0.13543328332237883, 0.5673493868306048]",0.05714956910880829
175.722,"[-0.6136532147202445, 1.3149061614480244, 2.6100007262934355]","[0.21724403594489133, 0.19862069164566798, 3.290520732629476e-05]","[0.28271966472748833, -0.09178556465110085, 0.5986466341294028]",0.05172421278650395
176.474,"[-0.436427400097287, 1.4569819073520414, 2.6100061126823704]","[0.23595020521722995, 0.16780367577682545, -0.0036584852791190503]","[0.27319039634224984, -0.045013573100464124, 0.62419780306722]",0.04761477734087694
177.389,"[-0.2082596907356402, 1.5956181652948667, 2.6100155007164965]","[0.248622697468472, 0.1321415425362822, -0.006501419704741024]","[0.24903684245146449, 0.0063970630822136314, 0.6453994842352534]",0.04244492026493857
178.535,"[0.14238740403051509, 1.7404181122889462, 2.6100547822028695]","[0.2550161494622226, 0.10012866014104545, 0.058176092647229415]","[0.23165034016669672, 0.031249406630984883, 0.6527339826329552]",0.036120139509693984
179.735,"[0.38512269274026156, 1.8003635363741193, 2.6100295086112]","[0.25744619329475615, 0.06147717385027346, -0.027474564163461765]","[0.2151285400461762, 0.05061488698678751, 0.6567476378295312]",0.03367715356258489
180.641,"[0.6361630645044913, 1.8354308124238532, 2.610003537661834]","[0.2468828282221653, 0.021865194907700863, -0.005493066346169244]","[0.1957689536417479, 0.07627805194676014, 0.6568587000352997]",0.03233012259662333
181.649,"[0.9085693416484704, 1.8306765773324134, 2.6100340869748226]","[0.22115204811656203, -0.007453883332728497, 0.037361912578175845]","[0.18056697121588794, 0.09759779037075465, 0.6532839086289766]",0.03155650579746263
182.757,"[1.1063390962121913, 1.798732514937761, 2.6100346017704616]","[0.18820660869981037, -0.029725040577244406, 0.036115753924369255]","[0.17052506243373075, 0.11094724333579073, 0.6495541965369822]",0.030486471636362627
183.584,"[1.2286198199891487, 1.7669570783949347, 2.6100012163182527]","[0.15142538143048753, -0.042688377772964796, -0.011237786081047231]","[0.15899808836331475, 0.12715274572302296, 0.6431020907522546]",0.029139629705892175
184.397,"[1.357510345962253, 1.7128394748732632, 2.6100326919076533]","[0.11407828209553406, -0.05311788137961876, -0.01583637274946563]","[0.1546579218456149, 0.13517219288991966, 0.6389282804049571]",0.027773753386070833
185.162,"[1.3974164303342569, 1.6817478153096896, 2.610031862955559]","[0.07465589190232114, -0.057820702554059765, -0.015599050356333972]","[0.15095448973043557, 0.14525677939921322, 0.6327298928701831]",0.02708976377600675
186.252,"[1.4302439914395304, 1.6397115282067798, 2.6100328829557427]","[0.03487142927753371, -0.05885184404049455, -0.015320933617781404]","[0.14966254318500724, 0.15701944398046594, 0.6240849724773296]",0.0274592038700791
186.964,"[1.4464596428603063, 1.584721305961363, 2.610032106458105]","[-0.00795083057709007, -0.05746831693619887, 0.03379688476206189]","[0.15682923938266113, 0.16829277253233937, 0.6132662062123146]",0.02919916594329943
187.929,"[1.4126094179213098, 1.5205798130252006, 2.610046336684338]","[-0.03907897013985921, -0.06269566651743974, 0.013285934450408717]","[0.171366429307346, 0.17545197884297176, 0.602901267075084]",0.032769770920974294
189.089,"[1.3346152693754227, 1.4590173780935043, 2.6100462701546476]","[-0.07422633386072583, -0.060248825405088115, 0.013068613175197884]","[0.18883880789978774, 0.17800132957452985, 0.5941485468266736]",0.037828181525787256
189.903,"[1.2452798564155199, 1.4119995890467294, 2.6100461397378414]","[-0.10970400347322794, -0.060189847892856245, 0.012620398903132303]","[0.21445702295558317, 0.17595034836561932, 0.5834474493148842]",0.043282572146232254
190.94,"[1.0990007517986697, 1.3492809807921393, 2.610001119195994]","[-0.14604329892285953, -0.061053386158582766, 4.4649185018660886e-05]","[0.2474209484427563, 0.1669608103974532, 0.5692514698298294]",0.04825361599369716
191.772,"[0.9559512665418186, 1.2875631439938218, 2.6100046089014803]","[-0.17653666218272787, -0.07652364828661354, 4.452360909101838e-05]","[0.2618771737112365, 0.16123376955017898, 0.5619722890128324]",0.041276352140923435
192.472,"[0.8879447255287456, 1.2537386879621941, 2.610005854353785]","[-0.1951073561403109, -0.10281970291161584, 4.237616396697563e-05]","[0.2883021861139117, 0.1472527921598492, 0.5466855029525892]",0.03315645477196087
193.767,"[0.7028449754614492, 1.1555622533620884, 2.6100077545355127]","[-0.15982532964161847, -0.08542871647423919, 3.932161856654015e-05]","[0.32865560893132173, 0.11186038264754773, 0.5179196075389689]",0.025417622869877404
194.531,"[0.5293774195911745, 1.0604318561763648, 2.6100081507169435]","[-0.12456163895617159, -0.06795216200510734, 3.798164830660922e-05]","[0.33594457656343135, 0.10274012208113734, 0.5114084770396706]",0.01673235850872975
